TICKER;PRECO;ULTIMO DIVIDENDO;DY;VALOR PATRIMONIAL COTA;P/VP;LIQUIDEZ MEDIA DIARIA;PERCENTUAL EM CAIXA;CAGR DIVIDENDOS 3 ANOS; CAGR VALOR CORA 3 ANOS;PATRIMONIO;N COTISTAS;GESTAO; N COTAS
ABCP11;81,35;0,650000;9,22;110,80;0,73;68.670,84;1,48;5,16;20,37;521.747.901,19;14.076,00;;4.709.082,00
AFHI11;94,75;1,010000;12,77;94,54;1,00;707.002,47;1,63;-1,55;12,71;430.678.521,38;37.566,00;;4.555.618,00
AIEC11;52,69;0,340000;7,88;80,24;0,66;248.150,74;7,14;-24,26;4,52;387.165.374,73;13.871,00;;4.824.987,00
AJFI11;8,13;0,050000;8,51;11,10;0,73;211.515,68;0,60;;;351.133.879,13;11.573,00;;31.625.978,00
ALMI11;658,99;4,800000;6,96;2.105,16;0,31;12.917,12;4,35;;-7,54;234.045.639,88;1.902,00;;111.177,00
ALZC11;7,76;0,100000;14,70;9,39;0,83;401.013,53;0,65;;;188.174.497,02;9.759,00;;20.050.230,00
ALZM11;6,32;0,080000;0,00;7,46;0,85;0,00;3,80;-6,90;-8,54;113.203.496,22;12.195,00;Ativa;15.180.540,00
ALZR11;10,78;0,083550;9,25;10,64;1,01;2.355.164,63;6,67;0,56;8,03;1.301.443.456,05;176.535,00;;122.266.250,00
ANCR11B;3.221,00;2,019821;0,06;114,28;28,19;;2,05;;;3.055.246.255,97;235,00;;26.735.046,00
APTO11;8,60;0,090000;12,63;9,76;0,88;66.437,84;9,08;-3,38;11,46;45.020.414,52;8.011,00;;4.612.227,00
APXM11;83,89;0,338502;4,80;123,66;0,68;116.042,89;0,79;;;349.842.193,57;661,00;;2.829.142,00
APXR11;100,00;;0,00;78,27;1,28;180,00;0,19;;;8.576.322,66;158,00;;109.567,00
APXU11;95,00;;0,00;80,76;1,18;221,67;23,01;;;8.200.654,12;43,00;;101.542,00
AQLL11;385,03;;0,00;794,18;0,48;;0,26;;;115.805.940,26;83,00;;145.817,00
ARFI11B;479,99;;0,00;63,81;7,52;;3,50;;;118.155.565,38;8.102,00;;1.851.786,00
AROA11;1,07;0,015000;9,02;0,96;1,11;5.202,63;2,38;;;160.719.526,95;4.971,00;;167.926.832,00
ARRI11;6,62;0,090000;16,31;8,40;0,79;238.540,68;2,14;-4,25;1,94;174.164.421,39;23.612,00;;20.726.973,00
ARTE11;0,00;0,088907;0,00;10,52;;;11,24;;;89.422.709,40;706,00;;8.496.949,00
ARXD11;7,76;0,090000;14,43;9,12;0,85;73.100,32;2,75;;;80.927.742,96;1.810,00;;8.873.792,00
ASRF11;10.974,00;256,328699;0,00;9.711,93;1,13;877.920,00;13,38;;;38.847.713,94;89,00;;4.000,00
ATCR11;0,00;0,339672;0,00;68,41;;;1,28;;;63.551.092,99;33,00;;928.908,00
ATSA11;57,68;0,770000;4,18;77,32;0,75;692,69;2,90;5,24;-8,07;135.402.923,23;287,00;;1.751.141,00
ATWN11;0,00;;0,00;2.036,85;;;0,90;;;327.437.470,79;2,00;;160.757,00
AURB11;81,00;0,450000;2,98;81,04;1,00;1.999.971,00;9,79;;;87.988.890,46;20,00;;1.085.780,00
AZPE11;0,00;0,105000;0,00;10,02;;;9,71;;;125.293.514,23;2,00;;12.500.000,00
AZPL11;7,70;0,075000;12,86;8,48;0,91;1.003.315,21;3,71;;;355.377.219,84;5.553,00;;41.922.689,00
BARI11;79,20;0,760800;9,48;78,48;1,01;0,00;6,74;-0,15;8,20;363.696.267,15;31.765,00;;4.634.191,00
BBFI11;5,92;361,119836;6.100,00;62,00;0,10;154.597,00;1.182,56;28,01;-86,04;8.060.098,89;5.519,00;;130.000,00
BBFO11;65,99;0,710000;13,12;76,67;0,86;244.657,58;0,48;2,25;11,59;306.970.212,13;7.036,00;;4.003.900,00
BBIG11;7,36;0,085000;13,22;9,83;0,75;862.069,74;5,83;;;974.078.472,85;35.521,00;;99.120.994,00
BBIM11;0,00;0,340000;0,00;0,00;;;;-24,05;;0,00;0,00;Ativa;0,00
BBRC11;101,70;2,100000;13,44;104,77;0,97;108.019,32;11,58;1,79;15,01;166.591.431,82;8.431,00;;1.590.000,00
BCFF11;7,28;0,070000;0,00;8,76;0,83;0,00;6,73;1,07;-1,42;1.766.025.679,12;351.688,00;Ativa;201.491.024,00
BCIA11;89,49;0,860000;11,33;103,15;0,87;531.454,84;0,20;1,32;13,67;383.600.855,17;20.627,00;;3.719.038,00
BCRI11;70,19;0,910000;14,55;84,61;0,83;573.798,11;5,42;2,15;1,71;529.481.780,77;42.062,00;;6.257.873,00
BETW11;0,00;0,462963;0,00;105,45;;;0,74;;;264.089.083,79;2,00;;2.504.500,00
BGRB11;110,00;0,810000;6,89;120,03;0,92;13.545,14;1,56;;;232.005.448,40;373,00;;1.932.933,00
BICE11;888,28;3,250000;6,20;1.104,65;0,80;888,00;1,96;-20,96;;147.375.230,62;119,00;;133.414,00
BICR11;35,92;0,363000;0,00;41,61;0,86;72,00;3,33;-18,17;-26,20;20.805.910,51;641,00;Ativa;500.000,00
BIME11;6,19;0,080000;15,99;8,51;0,73;49.813,47;1,00;0,00;6,05;49.738.412,61;8.070,00;;5.845.602,00
BINR11;1.673,35;180,140924;10,77;1.126,71;1,49;0,00;14,51;;;133.780.649,39;103,00;;118.735,00
BIPD11;989,33;10,770000;6,98;964,51;1,03;430.358,00;3,12;;;106.519.491,41;112,00;;110.439,00
BIPE11;1.000,00;;0,00;978,67;1,02;6.000,00;4,31;;;53.986.448,67;103,00;;55.163,00
BLCA11;93,01;0,500000;6,83;126,75;0,73;10.708,11;2,93;-30,22;11,83;202.795.295,72;474,00;;1.600.000,00
BLCP11;91,00;0,563428;0,00;63,81;1,43;;3,50;;;118.155.565,38;8.102,00;;1.851.786,00
BLMC11;85,75;1,070000;0,00;63,81;1,34;;3,50;-0,67;1,09;118.155.565,38;8.102,00;;1.851.786,00
BLMG11;34,69;0,415900;12,56;50,34;0,69;240.898,74;1,45;-21,43;-11,31;235.324.824,72;12.841,00;;4.674.548,00
BLMO11;90,90;0,530000;6,93;104,64;0,87;30.276,33;1,74;-81,34;;104.097.591,50;295,00;;994.814,00
BLMR11;6,78;0,053000;0,00;63,81;0,11;;3,50;;0,65;118.155.565,38;8.102,00;;1.851.786,00
BLOG11;8,64;0,020000;3,94;11,26;0,77;46,00;0,11;;;346.922.775,80;112,00;;30.796.704,00
BLUR11;76,03;1,010650;4,09;76,13;1,00;228,00;100,42;-14,85;-0,96;6.851.720,42;1,00;Ativa;90.000,00
BMII11;0,00;0,228341;0,00;454,06;;;0,27;;;34.190.505,41;24,00;Ativa;75.300,00
BMLC11;99,00;0,720000;8,51;105,88;0,94;134.290,59;5,18;-10,59;14,65;105.707.821,49;1.250,00;;998.405,00
BNFS11;72,60;0,750000;15,69;77,91;0,93;69.726,47;7,53;-12,72;-3,70;54.538.305,59;5.718,00;;700.000,00
BPFF11;54,53;0,670000;10,87;62,15;0,88;512.062,00;4,94;1,28;4,52;279.190.787,97;20.101,00;;4.492.326,00
BPLC11;0,00;14,420464;0,00;9.977,52;;;0,37;;;324.558.767,16;127,00;;32.529,00
BPML11;92,00;0,920000;16,27;123,77;0,74;3.583.870,16;18,46;31,34;26,88;921.081.631,77;6.015,00;;7.441.745,00
BPRP11;107,50;0,925000;0,00;125,57;0,86;2.150,00;0,19;2,64;6,83;169.496.975,27;171,00;Passiva;1.349.837,00
BRCO11;118,50;0,870000;8,96;117,38;1,01;3.899.854,05;2,51;3,50;16,52;1.866.926.162,75;122.353,00;;15.905.133,00
BRCR11;48,87;0,410000;10,46;86,87;0,56;2.522.279,47;0,68;-0,83;6,09;2.313.940.899,21;118.604,00;;26.638.202,00
BREV11;105,00;0,580000;0,00;63,81;1,65;532.138,00;3,50;8,81;-0,47;118.155.565,38;8.102,00;;1.851.786,00
BRHT11B;86,80;;0,00;61,05;1,42;;0,75;;;112.428.253,81;11,00;;1.841.677,00
BRIM11;259,79;48,330000;0,00;62,79;4,14;17.221,00;156,67;;;7.794.926,79;707,00;;124.137,00
BRIP11;493,50;11,770000;16,45;559,68;0,88;12.794,88;2,42;;;120.597.278,89;453,00;;215.475,00
BROF11;56,43;0,530000;11,57;109,23;0,52;446.181,26;4,08;;;1.268.243.101,80;10.279,00;;11.610.812,00
BROL11;0,00;;0,00;63,81;;;3,50;;;118.155.565,38;8.102,00;;1.851.786,00
BRSE11;0,00;;0,00;4.832,05;;;0,51;;;9.664.104,25;12,00;;2.000,00
BSLT11;88,50;;0,00;105,41;0,84;142.926,00;0,00;;;142.306.630,68;2.687,00;;1.350.000,00
BTAL11;90,51;0,950000;11,89;116,48;0,78;639.928,58;19,97;5,82;10,48;696.845.670,56;38.236,00;;5.982.736,00
BTCI11;9,25;0,097000;12,55;10,07;0,92;2.108.084,11;1,82;-1,69;14,89;1.002.606.708,24;197.652,00;;99.521.172,00
BTCR11;88,00;0,900000;0,00;63,81;1,38;571.148,00;3,50;32,78;;118.155.565,38;8.102,00;;1.851.786,00
BTHF11;8,95;0,105990;12,55;10,04;0,89;4.132.305,84;14,20;;;2.066.545.835,27;313.172,00;;205.846.940,00
BTHI11;44,90;0,310000;10,48;68,25;0,66;49.218,84;1,37;-29,67;-18,45;629.148.926,60;1.569,00;;9.218.512,00
BTHI12;45,00;0,560000;0,00;68,25;0,66;;1,37;;10,05;629.148.926,60;1.569,00;;9.218.512,00
BTHR11;0,00;0,024123;0,00;10,22;;;17,43;;;344.256.869,39;24,00;;33.675.336,00
BTLG11;102,57;0,790000;8,40;103,76;0,99;23.347.228,37;5,37;1,78;11,78;5.220.915.863,07;414.292,00;;50.316.306,00
BTML11;101,37;2,200000;11,65;127,54;0,79;0,00;4,55;;;144.649.723,71;1,00;;1.134.132,00
BTRA11;66,05;0,400000;7,34;111,90;0,59;213.272,84;24,27;-17,33;0,79;376.510.185,02;11.830,00;;3.364.559,00
BTSG11;145,92;1,000000;8,02;156,05;0,94;146,00;0,76;2,99;;120.940.796,26;106,00;;775.015,00
BTSI11;109,59;0,810000;8,66;123,63;0,89;219,00;0,07;3,10;;787.999.299,74;219,00;;6.373.961,00
BTWR11;105,49;0,950000;7,50;118,44;0,89;105,00;0,55;5,95;;95.848.051,78;142,00;;809.269,00
BTYU11;9,94;0,084600;13,51;10,10;0,98;6.888,32;4,28;;;302.951.656,12;533,00;;30.000.000,00
BVAR11;1.260,89;7,000000;5,44;777,44;1,62;1.260,00;0,43;-30,68;;486.320.070,99;129,00;;625.540,00
BZEL11;0,00;5,092421;0,00;148,67;;;0,07;;;526.000.225,42;3,00;;3.538.046,00
BZLI11;19,78;;0,00;16,81;1,18;;0,00;;4,17;736.208.353,48;18,00;;43.785.754,00
CACR11;80,35;1,350000;20,14;73,91;1,09;1.536.698,74;5,93;-2,52;8,33;357.460.076,48;25.422,00;;4.836.324,00
CARE11;1,11;0,008385;0,00;6,94;0,16;6.321,89;1,81;;-24,31;249.732.044,45;11.779,00;;36.006.138,00
CBOP11;41,00;0,500000;3,90;67,61;0,61;16.605,00;2,16;3,57;-1,69;95.674.009,50;2.105,00;;1.415.000,00
CCLB11;0,00;;0,00;63,81;;;3,50;;;118.155.565,38;8.102,00;;1.851.786,00
CCME11;9,15;0,088000;10,99;10,50;0,87;203.778,95;13,88;-2,47;8,67;711.732.747,04;9.175,00;;67.797.053,00
CCRF11;92,50;0,632531;0,00;63,81;1,45;;3,50;;0,37;118.155.565,38;8.102,00;;1.851.786,00
CCVA11;98,97;0,600000;6,68;97,79;1,01;0,00;1,98;;;61.388.052,07;1,00;;627.724,00
CENU11;100,00;;0,00;98,60;1,01;0,00;0,61;;;112.387.441,81;27,00;;1.139.780,00
CEOC11;45,58;0,506610;12,50;72,47;0,63;52.953,32;2,52;-5,32;5,72;131.582.872,40;3.849,00;;1.815.696,00
CFHI11;20,10;10,620000;308,56;26,58;0,76;40,00;154,38;;;2.514.034,94;96,00;;94.600,00
CFII11;445,00;43,000000;39,38;824,51;0,54;445,00;12,95;;;104.150.718,14;101,00;;126.319,00
CIXM11;9,04;0,150000;1,66;38,91;0,23;;1,41;;;238.379.576,73;108,00;;6.127.180,00
CIXR11;0,00;;0,00;63,81;;;3,50;;;118.155.565,38;8.102,00;;1.851.786,00
CJCT11;64,00;0,420000;4,05;73,19;0,87;21.981,90;0,42;12,48;1,51;229.817.019,29;836,00;;3.140.000,00
CJFI11;0,00;;0,00;63,81;;;3,50;;;118.155.565,38;8.102,00;;1.851.786,00
CLIN11;89,97;0,950000;13,75;97,81;0,92;1.215.680,74;16,65;;;425.159.593,36;12.116,00;;4.346.763,00
CNES11;1,77;0,010360;5,01;6,51;0,27;87.568,21;6,09;-2,25;-6,28;222.331.517,54;83.424,00;;34.134.825,00
COPP11;103,00;0,750000;0,00;106,96;0,96;;0,25;;;510.449.498,89;116,00;;4.772.405,00
CPFF11;69,90;0,500000;0,72;62,49;1,12;0,00;8,22;-0,91;10,34;67.464.811,29;6.536,00;Ativa;1.079.696,00
CPFO11;0,00;;0,00;63,81;;;3,50;;;118.155.565,38;8.102,00;;1.851.786,00
CPHH11;0,00;;0,00;73,46;;;30,00;;;108.236.367,68;420,00;;1.473.378,00
CPLG11;13,05;0,200000;8,94;10,37;1,26;10.924.263,42;12,47;;;451.565.853,00;728,00;;43.542.510,00
CPOF11;110,00;0,300000;5,54;106,96;1,03;16.821.615,89;0,25;;;510.449.498,89;116,00;;4.772.405,00
CPSH11;11,05;0,150000;11,49;11,40;0,97;3.577.393,00;1,09;;;908.475.497,67;27.512,00;;79.699.818,00
CPTS11;7,79;0,090000;13,20;8,96;0,87;7.102.126,00;2,63;5,12;12,03;2.942.820.944,71;352.554,00;;328.558.329,00
CPUR11;10,99;0,100000;9,49;9,86;1,11;9.449.053,42;0,05;7,85;16,50;664.259.788,41;1.445,00;;67.347.782,00
CRFF11;76,10;0,630000;10,45;86,16;0,88;6.149,32;4,63;-0,72;14,96;59.457.048,04;1.198,00;;690.040,00
CSMC11;0,00;9,212680;0,00;1.078,85;;;1,83;;;2.020.971.477,93;1,00;;1.873.259,00
CTEM11;3,00;;0,00;;;166,20;;;;;;;0,00
CTNP11;0,00;;0,00;63,81;;;3,50;;;118.155.565,38;8.102,00;;1.851.786,00
CTXT11;6,03;0,010000;0,00;17,80;0,34;1.710,21;3,01;-23,80;-21,13;95.851.888,87;2.181,00;;5.384.912,00
CVPR11;0,00;0,907385;0,00;93,15;;;17,28;-12,53;;60.153.364,53;3,00;;645.783,00
CXAG11;75,50;0,860000;11,99;110,60;0,68;151.284,89;3,32;0,60;10,18;231.218.087,87;11.656,00;;2.090.621,00
CXCE11;40,78;0,477933;14,41;62,97;0,65;28.450,42;7,48;3,38;-0,02;107.871.256,19;2.930,00;;1.712.950,00
CXCI11;71,28;0,900000;13,12;85,39;0,83;223.651,42;6,40;-2,57;10,68;175.714.897,62;5.436,00;;2.057.726,00
CXCO11;71,75;0,910000;12,03;96,51;0,74;399.170,84;1,73;-2,81;12,94;378.770.396,69;12.360,00;;3.924.500,00
CXRI11;65,38;0,600000;11,75;86,84;0,75;289.203,11;8,16;0,86;10,35;136.838.521,44;1.755,00;;1.575.760,00
CXTL11;321,43;0,183945;4,01;410,49;0,78;564.500,21;2,29;-10,44;12,20;22.001.241,27;593,00;;53.597,00
CYCR11;8,86;0,106000;14,48;9,35;0,95;567.709,47;8,13;1,69;15,77;341.626.785,51;17.624,00;;36.549.445,00
CYLD11;138,00;;0,00;120,14;1,15;1.518,00;0,63;;;149.196.690,03;112,00;;1.241.847,00
DAMA11;7,55;0,072463;12,84;8,24;0,92;15.999,26;5,30;;;45.626.139,15;834,00;;5.537.031,00
DAMT11B;11,45;0,400755;3,50;14,65;0,78;23,00;4,30;;-14,76;260.558.194,46;548,00;;17.779.747,00
DAYM11;3,84;0,035000;4,43;9,94;0,39;21.929,21;5,51;;-19,17;170.001.254,40;798,00;;17.100.937,00
DEVA11;26,99;0,400000;17,78;97,78;0,28;746.613,05;4,32;-14,46;-22,81;1.373.366.959,71;81.122,00;;14.044.908,00
DLMT11;0,00;0,000613;0,00;0,52;;;1,25;-14,70;;6.813.005,20;9,00;;13.225.796,00
DMAC11;13,00;4,894618;0,00;63,81;0,20;;3,50;;;118.155.565,38;8.102,00;;1.851.786,00
DOMC11;439,00;;0,00;110,49;3,97;;0,66;;;560.577.455,58;1.095,00;;5.073.615,00
DOVL11B;784,35;10,421659;10,49;580,13;1,35;0,00;5,07;-5,16;;38.524.315,58;101,00;;66.406,00
DPRO11;6,39;0,060000;10,88;9,15;0,70;794,06;1,43;-7,32;-4,56;45.757.275,31;742,00;;5.003.220,00
DRIT11;8,68;0,520000;23,96;133,56;0,07;1.246,00;23,67;8,28;-55,11;61.876.341,24;338,00;Ativa;463.277,00
DVFF11;5,93;0,070000;13,24;8,73;0,68;92.945,42;3,91;-4,31;5,15;96.130.695,06;1.994,00;;11.009.500,00
DVLP11;149,69;;0,00;149,67;1,00;1.787.747,00;1,55;;;99.286.323,37;306,00;;663.375,00
DVLT11;99,58;;0,00;99,65;1,00;14.339,50;7,89;;;30.940.678,15;208,00;;310.503,00
EAGL11;0,00;;0,00;93,71;;;0,34;;;174.179.207,41;14,00;;1.858.798,00
EDFO11;126,73;0,888720;9,59;210,83;0,60;60.712,00;1,47;-16,37;-13,53;49.755.902,04;467,00;;236.000,00
EDGA11;13,26;0,023819;4,44;47,01;0,28;13.801,58;0,61;-14,63;-7,46;179.209.695,49;3.802,00;;3.812.055,00
EDGE11;1.071,80;79,240000;7,39;1.158,54;0,93;311.635,00;30,85;;;13.246.920,81;125,00;;11.434,00
EGDB11;1.191,25;;0,00;953,68;1,25;72.978,63;0,39;;;86.155.337,75;2.525,00;;90.340,00
EGYR11;2,98;;0,00;148,50;0,02;712,82;0,00;;-36,97;113.212.251,70;89,00;;762.353,00
EIRA11;104,40;1,280000;9,10;104,86;1,00;897,60;16,04;;;21.022.407,33;120,00;;200.490,00
ELDO11;762,38;15,000000;16,11;1.662,99;0,46;;0,22;9,94;;1.309.202.316,16;113,00;;787.256,00
EMET11;9,79;0,340000;9,60;10,32;0,95;56.259,16;0,59;;;51.575.765,49;84,00;;5.000.000,00
EQIR11;8,53;0,100000;14,08;9,58;0,89;170.650,95;15,28;-3,11;9,88;104.549.109,89;9.813,00;;10.909.315,00
ERCR11;15.707,85;1.868,750000;0,00;14.305,53;1,10;0,00;0,90;;;33.989.943,79;10,00;;2.376,00
ERPA11;130,06;0,930000;8,47;159,45;0,82;81.744,67;1,04;8,80;;79.871.442,27;742,00;;500.922,00
ESTQ11;0,00;;0,00;0,01;;;102,97;;;910.415,84;6,00;;65.361.974,00
EURO11;310,40;2,080000;7,61;329,77;0,94;29.756,42;2,17;1,90;20,16;126.610.091,76;2.020,00;;383.936,00
EXES11;9,49;0,130000;16,23;9,77;0,97;238.825,95;9,93;16,37;11,05;137.700.933,47;1.240,00;;14.101.455,00
FAED11;155,71;1,748035;12,85;221,97;0,70;50.008,11;1,53;2,84;16,29;153.687.727,54;4.026,00;;692.377,00
FAGL11;0,00;;0,00;63,81;;;3,50;;;118.155.565,38;8.102,00;;1.851.786,00
FAMB11;1.006,04;45,426656;4,52;1.829,61;0,55;37.473,28;2,31;45,38;11,44;224.197.286,29;2.034,00;;122.538,00
FAOE11;926,90;11,160900;0,00;0,00;;;;;;0,00;0,00;Ativa;0,00
FARU11;0,00;;0,00;63,81;;;3,50;;;118.155.565,38;8.102,00;;1.851.786,00
FATN11;85,57;0,800000;11,22;98,60;0,87;1.720.055,63;1,75;-1,52;6,25;516.582.540,82;23.677,00;;5.239.330,00
FCAS11;0,00;0,121915;0,00;63,81;;;3,50;;;118.155.565,38;8.102,00;;1.851.786,00
FCFL11;124,77;0,920000;8,61;123,27;1,01;161.717,32;0,50;3,22;12,20;428.244.575,38;2.955,00;;3.474.010,00
FGPM11;0,00;;0,00;63,81;;;3,50;;;118.155.565,38;8.102,00;;1.851.786,00
FIGS11;46,33;0,480000;12,07;75,99;0,61;450.276,05;0,29;1,10;8,73;216.564.305,22;11.673,00;;2.850.000,00
FIIB11;479,00;3,580000;9,33;590,95;0,81;705.008,11;0,98;2,29;9,89;404.801.667,59;14.951,00;;685.000,00
FIIC11;0,00;;0,00;-7,52;;;;;;-15.837,05;1,00;;2.107,00
FIIP11;150,00;1,400000;11,20;199,50;0,75;339.412,11;2,13;-0,06;1,63;184.972.951,36;6.000,00;;927.162,00
FINF11;0,00;0,227461;0,00;110,80;;;1,16;-3,36;;90.870.112,74;4,00;;820.112,00
FISC11;54,04;0,270000;9,99;111,07;0,49;207,20;0,87;4,22;;188.816.790,90;226,00;;1.699.996,00
FISD11;149,33;6,526269;0,00;45,82;3,26;0,00;4,11;;;49.149.779,55;22,00;;1.072.588,00
FIVN11;3,15;;0,00;5,86;0,54;5.775,37;0,03;;-5,05;55.155.502,21;4.451,00;;9.412.630,00
FLCR11;95,36;1,200000;14,00;94,77;1,01;174.224,47;9,78;-0,21;14,65;71.254.745,27;2.811,00;;751.844,00
FLFL11;0,00;0,180000;0,00;137,67;;;0,85;;;475.550.329,73;1,00;;3.454.262,00
FLMA11;154,00;1,170000;8,28;250,30;0,62;54.402,16;1,03;5,08;15,51;345.582.817,27;11.359,00;;1.380.670,00
FLNR11;1.273,88;;0,00;1.217,19;1,05;0,00;0,15;;;154.807.460,91;125,00;;127.184,00
FLRP11;21,27;0,150000;8,74;20,27;1,05;13.452,53;0,99;4,07;20,59;151.594.922,19;1.793,00;;7.477.732,00
FMOF11;39,90;1,550000;36,94;49,85;0,80;5.690,74;17,71;54,33;15,42;25.321.999,03;363,00;;508.008,00
FOFT11;123,00;1,900000;0,00;7,00;17,57;;2,33;-47,71;;250.509.603,82;11.454,00;Ativa;35.769.919,00
FPAB11;208,00;4,403511;9,40;358,33;0,58;13.041,21;5,96;1,25;24,68;268.746.448,87;683,00;;750.000,00
FPNG11;465,07;4,830000;1,04;211,45;2,20;465,00;2,75;15,77;;643.534.977,49;143,00;;3.043.447,00
FRHY11;0,00;1,030000;0,00;8,36;;;69,71;;;1.091.035,36;7,00;;130.500,00
FTCE11B;34.508,82;24,259247;0,22;2.882,81;11,97;16.782.232.734,75;2,74;;;3.819.518.031,73;124,00;;1.324.930,00
FVBI11;94,97;0,369573;0,00;63,81;1,49;;3,50;142,93;;118.155.565,38;8.102,00;;1.851.786,00
FVPQ11;70,30;0,500000;7,67;159,33;0,44;82.970,63;1,19;-20,22;-2,74;446.143.636,79;3.718,00;;2.800.149,00
FYTO11;8,58;0,110000;14,46;9,88;0,87;145.818,05;4,25;-0,75;6,41;151.046.129,45;10.612,00;;15.281.388,00
GAME11;9,12;0,095000;12,50;9,61;0,95;3.480.322,58;11,25;-1,70;13,97;228.969.770,10;21.335,00;;23.837.012,00
GARE11;8,94;0,083000;11,14;9,45;0,95;13.860.015,00;1,34;0,10;11,21;2.111.742.668,14;426.207,00;;223.419.956,00
GCDL11;117,02;;0,00;110,18;1,06;52.851,14;24,96;;;43.641.778,66;2.017,00;;396.111,00
GCFF11;69,30;0,750000;0,00;63,81;1,09;;3,50;;-0,54;118.155.565,38;8.102,00;;1.851.786,00
GCOI11;72,87;3,011600;8,25;108,13;0,67;28.417,00;55,80;;;12.219.157,09;384,00;;113.000,00
GCRI11;65,81;0,800000;15,38;91,57;0,72;177.550,53;2,29;-6,17;2,71;133.135.080,52;4.271,00;;1.453.859,00
GESE11B;1.520,00;14,973763;0,00;63,81;23,82;;3,50;118,15;;118.155.565,38;8.102,00;;1.851.786,00
GFDL11;110,02;0,160000;0,15;98,28;1,12;26.220,07;3,42;;;25.053.142,46;1.785,00;;254.927,00
GGRC11;10,04;0,100000;11,95;11,22;0,89;8.761.123,26;4,89;1,08;12,61;2.403.988.581,33;257.326,00;;214.249.664,00
GLCR11;101,07;0,900000;7,79;100,58;1,00;6.965,67;4,50;;;36.221.559,66;822,00;;360.110,00
GLOG11;64,04;0,410000;7,68;108,83;0,59;38.394,26;1,90;-14,71;-4,18;81.622.819,25;1.714,00;;750.000,00
GLPF11;105,63;0,910000;9,08;104,81;1,01;78.150,06;0,34;;;157.734.571,65;2.431,00;;1.505.000,00
GLPL11;0,00;;0,00;63,81;;;3,50;;;118.155.565,38;8.102,00;;1.851.786,00
GRLV11;104,51;0,170000;0,00;63,81;1,64;;3,50;135,25;;118.155.565,38;8.102,00;;1.851.786,00
GRUL11;8,92;0,080000;13,12;9,59;0,93;304.283,05;2,56;;;236.754.321,96;4.861,00;;24.700.000,00
GSFI11;11,00;;0,00;13,41;0,82;10.686.330,84;1,14;;29,29;1.289.198.828,84;6.273,00;;96.106.666,00
GTLG11;63,99;0,840000;0,00;63,81;1,00;;3,50;;-13,24;118.155.565,38;8.102,00;;1.851.786,00
GTWR11;83,25;0,900000;11,48;101,41;0,82;965.006,53;2,04;3,10;16,29;1.216.860.162,55;33.786,00;;12.000.000,00
GURB11;108,00;0,700000;0,00;127,54;0,85;;4,55;;;144.649.723,71;1,00;;1.134.132,00
GVBI11;0,00;;0,00;63,81;;;3,50;;;118.155.565,38;8.102,00;;1.851.786,00
GZIT11;48,50;0,780000;19,30;90,50;0,54;653.730,32;0,49;;;1.976.702.149,05;7.216,00;;21.841.231,00
HAAA11;54,01;1,310000;7,28;66,42;0,81;2.480,22;2,01;-2,20;-6,73;229.470.877,20;220,00;;3.455.000,00
HABT11;76,90;0,950000;16,29;95,16;0,81;1.060.041,58;4,76;-2,65;9,37;773.326.324,41;57.523,00;;8.126.783,00
HBCR11;136,00;0,540000;14,31;112,86;1,21;365.213,25;0,08;39,55;;180.583.308,15;38,00;;1.600.000,00
HBTT11;1.055,00;16,580000;0,00;63,81;16,53;;3,50;;;118.155.565,38;8.102,00;;1.851.786,00
HCHG11;80,14;0,700000;11,77;94,57;0,85;162.491,47;25,70;-1,81;11,51;113.488.289,50;567,00;;1.200.000,00
HCPR11;0,00;;0,00;63,81;;;3,50;;;118.155.565,38;8.102,00;;1.851.786,00
HCRI11;309,99;3,318412;16,92;327,02;0,95;28.884,68;1,76;16,54;27,17;65.404.773,56;2.944,00;;200.000,00
HCST11;45,00;;0,00;60,07;0,75;1.193,50;0,08;;;52.316.081,93;55,00;;870.918,00
HCTR11;22,57;0,400000;16,77;105,54;0,21;977.104,89;0,88;-16,14;-29,47;2.330.686.924,71;132.058,00;;22.084.202,00
HDEL11;104,01;15,300000;28,20;110,49;0,94;3.898,75;10,34;;;92.812.789,18;108,00;;840.000,00
HDOF11;94,00;;0,00;94,25;1,00;900.940,00;5,56;;;317.620.255,67;119,00;;3.370.000,00
HFOF11;6,55;0,056000;10,26;7,66;0,86;1.687.064,84;2,45;-3,85;9,42;1.735.721.043,81;90.422,00;;226.572.066,00
HGBL11;9,25;0,084000;9,60;9,30;0,99;298.556,89;1,13;;;244.220.331,09;4.478,00;;26.261.802,00
HGBS11;20,01;0,150000;9,30;20,38;0,98;3.969.697,58;2,25;-2,55;12,46;2.632.105.625,39;140.232,00;;129.133.010,00
HGCR11;98,55;1,000000;12,63;97,90;1,01;3.255.514,05;2,85;-2,66;11,26;1.509.447.075,14;99.834,00;;15.418.106,00
HGFF11;62,38;1,990000;11,91;71,18;0,88;1.552.502,00;18,73;8,82;5,39;203.824.815,19;14.789,00;;2.863.597,00
HGIC11;66,01;0,800000;14,23;110,27;0,60;10.530,79;5,77;-7,55;-2,86;51.022.212,49;625,00;;462.706,00
HGLG11;156,81;1,100000;8,42;165,79;0,95;15.373.143,42;0,93;-0,99;7,60;7.030.245.156,84;516.205,00;;42.404.675,00
HGPO11;145,14;1,750000;0,00;148,02;0,98;106.842,63;1,25;104,42;19,17;259.482.892,03;9.418,00;;1.753.057,00
HGRE11;124,40;1,500000;10,09;156,26;0,80;2.259.538,89;2,02;6,46;12,31;1.846.604.113,94;140.703,00;;11.817.767,00
HGRS11;0,00;8,300000;0,00;63,81;;;3,50;;;118.155.565,38;8.102,00;;1.851.786,00
HGRU11;128,00;1,450000;9,57;128,17;1,00;6.185.892,26;0,99;0,22;12,78;2.978.337.839,24;225.228,00;;23.238.024,00
HILG11;184,96;17,671700;17,40;208,29;0,89;0,00;1,29;;;109.610.925,47;208,00;;526.253,00
HLMB11;0,00;;0,00;899,96;;;6,85;;;49.173.305,21;49,00;;54.639,00
HLOG11;9,25;0,135000;9,46;11,21;0,83;37.055,53;0,34;3,91;10,26;476.369.112,46;3.953,00;;42.500.000,00
HMOC11;226,95;23,800000;0,00;63,81;3,56;;3,50;122,18;;118.155.565,38;8.102,00;;1.851.786,00
HOFC11;29,87;0,210000;0,00;56,83;0,53;1.517.675,11;0,19;-22,89;6,33;214.752.885,46;4.635,00;;3.779.001,00
HOMS11;121,66;;0,00;95,29;1,28;291.680,21;2,37;;;41.889.193,54;2.345,00;;439.581,00
HOSI11;83,90;0,244300;7,71;106,85;0,79;6.700,06;1,96;-0,11;19,73;61.273.925,66;1.095,00;;573.450,00
HPDP11;89,21;0,560000;7,53;92,65;0,96;198.721,76;1,45;1,22;14,03;304.644.159,05;364,00;;3.288.000,00
HPDR11;0,00;;0,00;;;;;;;;;;0,00
HRDF11;3,47;6,800000;0,00;7,02;0,49;444,58;13,46;;-7,26;10.645.077,06;872,00;;1.517.425,00
HREC11;8,18;0,080000;12,65;8,89;0,92;131.834,84;1,97;-0,48;12,99;459.388.196,91;2.474,00;;51.685.917,00
HRES11;141,53;20,193500;26,40;124,71;1,13;2.140.733,00;2,68;;;58.395.952,24;137,00;;468.241,00
HSAF11;80,00;0,950000;14,25;88,92;0,90;1.159.858,32;12,55;2,29;13,87;224.642.053,64;8.662,00;;2.526.360,00
HSLG11;91,69;0,720000;8,78;109,88;0,83;630.158,05;4,77;-2,74;12,24;1.391.042.296,69;40.337,00;;12.660.067,00
HSML11;90,90;0,700000;8,81;104,17;0,87;3.119.387,11;5,99;-3,31;15,43;2.221.883.401,07;186.386,00;;21.329.976,00
HSRE11;107,00;0,950000;9,74;88,50;1,21;91.894,94;3,73;12,19;10,49;787.517.534,43;381,00;;8.898.724,00
HTMX11;143,90;1,250000;10,63;142,05;1,01;599.321,21;6,40;-15,02;29,01;410.240.298,10;35.757,00;;2.888.094,00
HUCG11;100,00;0,740000;4,12;103,75;0,96;5.824,50;0,77;;11,33;116.407.143,25;234,00;;1.122.000,00
HUSC11;96,01;1,050000;11,76;149,77;0,64;3.356,76;1,52;1,58;8,14;127.430.260,03;752,00;;850.821,00
HUSI11;1.220,00;8,418152;9,36;1.249,97;0,98;1.220,00;2,25;3,00;;145.448.905,14;98,00;;116.362,00
HYPI11;180,54;1,148300;63,59;4,34;41,60;363,00;195,12;;;5.674.925,44;218,00;;1.306.304,00
IBBP11;8,80;0,080200;9,89;8,63;1,02;28.827,21;4,43;;;479.319.894,21;0,00;;40.720.580,00
IBCR11;47,69;0,700000;19,94;91,18;0,52;147.320,84;0,70;-5,89;-3,23;87.390.978,17;3.894,00;;958.423,00
IBFF11;66,40;0,296485;0,00;63,81;1,04;;3,50;;;118.155.565,38;8.102,00;;1.851.786,00
ICNE11;769,63;10,131381;18,81;663,53;1,16;9.994.415,00;0,28;;;79.623.368,87;5,00;;120.000,00
ICRI11;91,37;0,950000;13,25;101,19;0,90;1.209.182,47;4,75;;;390.339.518,35;9.466,00;;3.857.359,00
IDFI11;2,00;0,034026;0,00;1,60;1,25;0,00;101,44;-50,79;-38,12;3.283.391,87;617,00;Ativa;2.057.925,00
IDGR11;1,50;0,008834;0,00;0,00;;0,00;;;-45,49;0,00;0,00;Ativa;883.359,00
IDUA11;64,42;0,503412;14,54;63,90;1,01;0,00;14,44;;;25.707.952,11;1,00;;402.311,00
IMOV11;0,00;0,236700;0,00;9,58;;;15,95;;;508.393.862,46;13.027,00;;53.092.572,00
INDE11;76,60;;0,00;114,10;0,67;383,00;1,29;;;51.105.917,12;181,00;;447.921,00
INLG11;77,00;0,760000;11,74;106,08;0,73;1.376.286,74;1,44;5,27;0,81;478.635.759,56;15.885,00;;4.512.103,00
INRD11;76,29;0,670000;9,98;118,71;0,64;39.643,58;1,37;3,72;9,18;134.173.571,60;6.299,00;;1.130.228,00
IRDM11;58,31;1,250056;14,15;78,62;0,74;5.300.561,00;3,42;-0,50;-2,17;2.959.621.783,69;258.917,00;;37.642.399,00
IRIM11;69,50;0,890000;14,07;84,10;0,83;5.320.018,63;0,41;-4,41;3,71;2.962.321.736,41;3.668,00;;35.225.778,00
ISCJ11;50,71;0,350584;48,13;0,00;;10.174,00;;;;0,00;0,00;;0,00
ITIP11;65,09;0,670000;13,73;69,00;0,94;60.137,05;2,60;-1,13;5,93;51.623.620,43;7.829,00;;748.151,00
ITIT11;69,30;0,610000;10,71;80,34;0,86;139.158,42;1,28;1,06;6,02;72.348.839,15;9.476,00;;900.494,00
ITRI11;83,40;1,300000;12,12;95,50;0,87;1.063.413,47;3,34;;;596.891.327,21;13.416,00;;6.250.000,00
IVCI11;96,86;0,820000;13,83;98,85;0,98;0,00;25,87;;;49.423.785,19;16,00;;500.000,00
JASC11;99,98;0,690000;7,32;114,45;0,87;25.203,75;3,34;10,87;;399.356.360,81;166,00;;3.489.342,00
JBFO11;15,03;0,043000;1,05;7,76;1,94;0,00;100,61;-19,38;;9.919.792,95;369,00;;1.279.070,00
JCCJ11;152,00;1,770000;4,87;193,36;0,79;19.857,47;6,33;;;946.224.638,23;239,00;;4.893.685,00
JCDA11;0,00;;0,00;19,30;;;0,10;;;295.356.661,99;103,00;;15.303.215,00
JCDB11;0,00;;0,00;239,82;;;0,14;;;250.123.145,08;58,00;;1.042.957,00
JCIN11;148,90;0,265611;3,99;159,11;0,94;9.973.769,00;1,51;;;209.667.610,35;2,00;;1.317.717,00
JFLL11;65,25;1,100000;10,22;100,48;0,65;30.010,05;6,21;-3,63;15,94;150.782.945,42;4.788,00;;1.500.598,00
JPPA11;83,61;1,210000;15,52;99,57;0,84;129.345,47;6,97;-4,54;7,66;90.015.227,34;6.297,00;;904.050,00
JPPC11;11.251,61;0,350000;0,26;61,16;183,97;8.342.197.891,30;101,26;;973,70;3.363.854,71;492,00;;55.000,00
JRDM11;85,00;0,400000;0,00;63,81;1,33;0,00;3,50;28,90;2,25;118.155.565,38;8.102,00;;1.851.786,00
JSAF11;8,04;0,080000;13,08;9,26;0,87;2.353.573,58;7,07;-2,76;14,40;717.623.551,51;23.527,00;;77.523.290,00
JSCR11;8,64;0,095000;13,19;9,46;0,91;361.038,68;8,24;;;209.466.537,42;3.405,00;;22.137.100,00
JSRE11;66,41;0,480000;8,67;105,88;0,63;3.164.509,95;0,73;1,25;8,61;2.198.750.330,60;85.016,00;;20.767.328,00
JTPR11;2.517,00;1,630372;0,00;64,50;39,02;;25,47;;;13.846.300,83;7,00;;214.674,00
KCRE11;8,95;0,090000;13,52;9,47;0,95;538.208,89;4,44;1,21;13,38;340.824.772,71;16.025,00;;36.000.000,00
KEVE11;650,00;19,634261;21,04;392,91;1,65;55.448,62;33,70;;6,76;58.033.016,95;429,00;;147.700,00
KFEN11;1.100,00;9,230000;10,74;944,67;1,16;0,00;11,23;;;168.765.735,09;129,00;;178.651,00
KFOF11;84,44;0,800000;10,95;93,32;0,90;792.342,95;9,40;-1,20;14,76;654.582.946,14;30.034,00;;7.014.565,00
KINP11;10,00;3,053493;0,00;63,81;0,16;0,00;3,50;;7,32;118.155.565,38;8.102,00;;1.851.786,00
KISU11;6,99;0,070000;12,02;8,01;0,87;645.399,84;6,05;-1,72;6,30;353.835.234,79;104.121,00;;44.196.050,00
KIVO11;64,93;0,870000;17,30;85,36;0,76;268.819,89;25,25;-10,28;4,74;189.733.808,91;6.842,00;;2.222.736,00
KLOG11;0,00;;0,00;0,95;;;1,72;;;380.450.425,13;354,00;;401.399.022,00
KNCR11;105,61;1,300000;13,76;102,26;1,03;17.395.371,58;7,59;2,76;15,91;9.741.403.716,00;478.976,00;;95.264.832,00
KNHF11;96,91;1,000000;12,02;100,53;0,96;4.122.345,00;5,64;;;1.976.747.784,26;56.137,00;;19.663.235,00
KNHY11;99,04;1,000000;14,29;98,60;1,00;4.162.054,05;3,02;3,00;14,82;3.073.780.367,14;28.002,00;;31.173.083,00
KNIP11;91,50;0,700000;11,13;92,65;0,99;12.507.719,26;8,20;2,22;11,86;7.419.070.211,58;70.745,00;;80.078.186,00
KNPR11;0,00;2,810000;0,00;98,96;;;7,48;;;57.389.620,28;594,00;;579.911,00
KNRE11;0,32;0,001240;1,80;0,63;0,51;2.010,68;33,63;;42,75;11.733.911,22;5.661,00;;18.547.161,00
KNRI11;159,98;1,250000;7,66;163,20;0,98;6.266.365,58;3,89;0,36;13,52;4.602.845.516,98;303.496,00;;28.204.047,00
KNSC11;8,79;0,090000;13,08;8,80;1,00;6.262.878,05;5,62;4,05;12,58;1.779.084.568,15;247.940,00;;202.202.385,00
KNUQ11;104,70;1,350000;14,90;101,33;1,03;4.178.054,37;5,29;;;2.177.083.457,47;47.451,00;;21.484.730,00
KOPI11;0,00;;0,00;63,81;;;3,50;;;118.155.565,38;8.102,00;;1.851.786,00
KORE11;73,94;1,250000;20,29;105,94;0,70;3.027.176,74;1,38;;;1.019.648.955,12;30.665,00;;9.625.000,00
KRES11;0,00;0,000843;0,00;1,00;;;0,89;;;239.786.754,42;131,00;;239.599.794,00
LASC11;110,15;0,510000;10,08;129,40;0,85;3.258.008,89;1,16;13,81;17,58;380.487.838,01;463,00;;2.940.298,00
LATR11B;774,06;9,998500;0,00;63,81;12,13;0,00;3,50;;;118.155.565,38;8.102,00;;1.851.786,00
LAVF11;0,00;1,300000;0,00;63,81;;;3,50;;;118.155.565,38;8.102,00;;1.851.786,00
LFTT11;2,10;3,668145;0,00;49,77;0,04;598.719,00;6,14;;1,14;33.094.996,34;8,00;;665.000,00
LIFE11;8,38;0,120000;17,18;9,89;0,85;845.874,05;0,39;-3,29;7,80;393.113.428,92;18.200,00;;39.761.584,00
LKDV11;1.081,93;;0,00;1.094,25;0,99;0,00;0,55;;;73.107.864,61;101,00;;66.811,00
LLAO11;57,20;1,700000;0,00;51,55;1,11;57,00;2,93;;;18.617.445,11;78,00;;361.140,00
LOFT11B;29,90;0,201705;0,00;0,96;31,15;;22,12;;;1.893.093,88;8,00;;1.962.500,00
LPLP11;285,00;3,533454;19,47;351,37;0,81;335.504,27;0,01;-17,10;;260.885.576,50;26,00;;742.484,00
LRDI11;200,00;32,599512;16,30;76,61;2,61;1.090,13;1,24;;;28.364.062,73;116,00;;370.244,00
LRED11;12,35;;0,00;9,88;1,25;111,00;4,88;;;13.923.852,75;166,00;;1.408.780,00
LSOI11;12,26;0,100000;0,82;12,11;1,01;0,00;0,76;;;64.983.368,54;41,00;;5.365.285,00
LSPA11;24,01;0,060000;0,00;20,95;1,15;0,00;104,96;81,14;;8.473.824,04;727,00;Ativa;404.500,00
LTMT11;98,36;8,379118;0,00;93,50;1,05;27.934,00;5,36;;;14.633.618,66;224,00;;156.501,00
LVBI11;110,97;0,750000;8,25;120,28;0,92;4.650.423,84;0,81;-1,41;14,28;1.938.743.482,58;126.543,00;;16.118.565,00
MADS11;0,00;;0,00;63,81;;;3,50;;;118.155.565,38;8.102,00;;1.851.786,00
MANA11;9,28;0,110000;14,01;9,43;0,98;1.009.485,58;3,02;-0,26;11,47;353.812.790,64;34.315,00;;37.536.140,00
MATV11;86,63;0,600000;0,00;63,81;1,36;;3,50;;1,44;118.155.565,38;8.102,00;;1.851.786,00
MAXR11;61,31;0,240000;6,36;102,22;0,60;25.917,63;3,00;-22,12;14,85;115.068.784,03;4.002,00;;1.125.655,00
MCCI11;90,90;1,000000;12,54;93,32;0,97;4.867.376,58;2,94;0,89;12,74;1.582.631.527,39;111.925,00;;16.960.024,00
MCEM11;66,24;0,670000;7,23;35,90;1,85;28.340,08;0,08;;;117.262.423,87;217,00;;3.266.687,00
MCHF11;9,10;0,070000;0,00;63,81;0,14;;3,50;;1,43;118.155.565,38;8.102,00;;1.851.786,00
MCLO11;10,00;0,094869;9,34;13,76;0,73;2.351.252,67;4,06;;;1.714.484.048,93;219,00;;124.642.860,00
MCRE11;9,77;0,110000;12,38;10,04;0,97;4.933.554,68;11,31;-7,03;9,75;1.119.945.715,21;86.943,00;;111.598.921,00
MFAI11;69,98;0,720000;0,00;0,00;;0,00;;-11,46;8,15;0,00;0,00;Ativa;0,00
MFCR11;22,33;2,270000;0,00;0,00;;0,00;;;-38,03;0,00;0,00;Ativa;0,00
MFII11;75,83;1,070000;17,21;98,49;0,77;1.356.055,05;0,60;-0,05;6,76;669.718.471,50;32.290,00;;6.800.000,00
MGCR11;9,40;0,100000;0,00;63,81;0,15;;3,50;;4,36;118.155.565,38;8.102,00;;1.851.786,00
MGFF11;69,99;0,520000;0,00;63,81;1,10;;3,50;-2,71;7,70;118.155.565,38;8.102,00;;1.851.786,00
MGHT11;17,22;0,130000;0,00;23,11;0,75;949.302,68;10,58;-14,07;-28,75;30.367.030,53;3.786,00;;1.313.784,00
MGIM11;101,50;0,176173;0,00;63,81;1,59;;3,50;;;118.155.565,38;8.102,00;;1.851.786,00
MGLC11;0,00;;0,00;63,81;;;3,50;;;118.155.565,38;8.102,00;;1.851.786,00
MGRI11;58,18;1,350000;28,65;61,92;0,94;0,00;1,10;-2,87;;17.980.244,21;2,00;;290.400,00
MINT11;96,50;0,749556;0,00;97,17;0,99;0,00;16,33;;;50.527.673,91;94,00;Ativa;520.000,00
MMPD11;0,00;1,720927;0,00;112,09;;;4,08;;;59.461.121,52;102,00;;530.497,00
MMVE11;147,00;;0,00;153,44;0,96;142.810,50;0,35;;;75.038.211,84;135,00;;489.036,00
MOFF11;0,00;;0,00;344,34;;;2,15;;;75.776.985,54;3,00;;220.066,00
MORC11;89,87;0,330000;0,00;63,81;1,41;;3,50;;-2,07;118.155.565,38;8.102,00;;1.851.786,00
MORE11;76,21;0,700000;0,00;63,81;1,19;;3,50;-3,30;5,78;118.155.565,38;8.102,00;;1.851.786,00
MOSO11;0,00;;0,00;;;;;;;;;;0,00
MTOF11;103,37;;0,00;70,49;1,47;0,00;0,69;;;136.816.233,58;2,00;;1.941.019,00
MTRS11;0,00;;0,00;63,81;;;3,50;;;118.155.565,38;8.102,00;;1.851.786,00
MVFI11;0,00;;0,00;1,43;;;13,09;;;111.881.972,65;1,00;;78.155.673,00
MXRF11;9,45;0,100000;12,38;9,42;1,00;18.066.148,21;3,91;-5,35;10,26;4.337.400.581,29;1.339.326,00;;460.269.531,00
N4V1;0,00;;0,00;63,81;;;3,50;;;118.155.565,38;8.102,00;;1.851.786,00
N4V111;0,00;;0,00;63,81;;;3,50;;;118.155.565,38;8.102,00;;1.851.786,00
NAUI11;1.100,00;;0,00;359,79;3,06;2.327.600,00;5,08;;;18.613.702,38;111,00;;51.735,00
NAVT11;73,00;1,241772;12,98;86,53;0,84;69.263,47;1,76;-9,98;14,90;52.983.243,54;2.436,00;;612.282,00
NCRI11;8,84;0,100000;14,06;10,00;0,88;50.168,42;12,00;3,53;8,87;39.489.860,08;1.270,00;;3.949.999,00
NEWL11;113,99;1,080000;10,11;130,48;0,87;1.149.981,26;17,76;-1,51;15,91;366.678.013,34;9.734,00;;2.810.193,00
NEWU11;108,96;1,100000;2,40;82,34;1,32;16.341,88;4,35;3,55;39,65;61.097.802,11;1.060,00;;742.000,00
NIVT11;0,00;;0,00;11,89;;;3,09;;;12.008.509,50;338,00;;1.009.617,00
NPAR11;12,82;1,196695;0,00;11,89;1,08;;3,09;;;12.008.509,50;338,00;;1.009.617,00
NSLU11;206,90;1,370000;13,25;216,73;0,95;119.656,42;6,54;13,90;20,57;280.290.639,85;5.159,00;;1.293.286,00
NVHO11;11,41;0,089595;10,82;16,54;0,69;3.548,53;1,13;4,58;12,99;686.306.642,65;1.750,00;;41.494.533,00
NVIF11;227,50;0,889152;3,62;321,71;0,71;;3,36;26,74;;108.544.694,34;7,00;;337.400,00
OBAL11;1.095,00;81,962255;14,10;1.461,14;0,75;1.095,00;19,22;;;206.427.841,69;108,00;;141.279,00
OCRE11;80,00;0,418859;8,96;152,63;0,52;51.075,61;0,58;;;64.559.781,99;457,00;;422.986,00
OGHY11;8,72;0,090000;0,00;63,81;0,14;;3,50;;-4,78;118.155.565,38;8.102,00;;1.851.786,00
ONDV11;9,77;0,120000;10,75;11,89;0,82;2.880,27;3,09;;;12.008.509,50;338,00;;1.009.617,00
ONEF11;200,03;0,031000;0,00;63,81;3,13;;3,50;66,84;5,26;118.155.565,38;8.102,00;;1.851.786,00
OPTM11;0,00;0,140000;0,00;71,95;;;13,37;;;5.274.534,84;14,00;;73.304,00
ORPD11;93,00;1,379310;0,00;140,99;0,66;;0,00;;;40.888.525,66;6,00;;290.000,00
OUFF11;61,10;0,755800;0,00;0,00;;;;-0,22;-0,14;0,00;0,00;Ativa;0,00
OUJP11;79,82;1,030000;15,80;101,23;0,79;458.827,74;11,14;-2,73;8,03;329.228.018,66;26.020,00;;3.252.384,00
OULG11;24,04;0,018204;1,09;28,59;0,84;27.837,29;100,14;-10,27;1,46;70.940.209,32;3.190,00;;2.481.283,00
OURE11;78,20;1,085000;0,00;0,00;;;;-3,46;0,12;0,00;0,00;;0,00
PABY11;15,25;;0,00;-33,00;;570,69;;;1,95;-25.024.946,52;495,00;;758.400,00
PATA11;10,35;0,089130;19,49;10,07;1,03;17.471,47;20,20;;;17.135.141,85;335,00;;1.702.007,00
PATB11;0,00;3,686130;0,00;206,23;;;1,43;;;848.286.568,97;1,00;;4.113.277,00
PATC11;41,35;0,050000;2,71;41,08;1,01;32.128,11;0,59;-43,68;12,61;142.866.291,28;4.781,00;;3.477.434,00
PATL11;67,14;0,700000;10,57;96,90;0,69;968.137,79;1,52;-0,09;9,80;483.655.135,80;25.540,00;;4.991.535,00
PBLV11;663,11;43,669555;13,08;1.736,79;0,38;0,00;4,41;;;8.117.135.877,13;2,00;;4.673.643,00
PCAS11;0,00;28,571429;0,00;3.655,37;;;0,14;;;255.875.570,31;100,00;;70.000,00
PCIP11;85,40;0,880000;13,89;93,37;0,91;4.219.929,84;8,94;1,93;10,73;1.588.449.973,72;113.489,00;;17.011.707,00
PDBM11;115,00;0,882353;8,92;113,70;1,01;115,00;1,06;;;38.658.925,29;121,00;;340.000,00
PEMA11;41,25;0,700370;21,25;57,72;0,71;400,00;1,43;3,56;11,55;31.861.522,57;288,00;;552.000,00
PLAG11;51,25;0,480000;11,06;61,75;0,83;210.298,58;7,90;2,99;16,66;336.679.953,56;14.911,00;;5.452.634,00
PLCR11;78,20;0,800000;8,95;83,40;0,94;864.020,00;7,46;-5,92;8,79;175.914.246,15;14.034,00;;2.109.169,00
PLRI11;9,50;0,251492;2,65;14,77;0,64;974,29;2,34;15,44;10,98;14.097.865,00;830,00;;954.304,00
PMFO11;88,14;0,840000;11,44;90,70;0,97;88,00;1,74;;;88.512.373,93;196,00;;975.907,00
PMIS11;8,36;0,115000;13,58;9,37;0,89;263.436,58;15,47;;;138.657.870,04;6.670,00;;14.803.242,00
PMLL11;105,54;0,860000;9,71;122,62;0,86;4.677.394,05;3,01;2,03;8,53;1.714.446.443,49;125.909,00;;13.982.093,00
PMRL11;101,33;0,573000;0,57;68,53;1,48;13.423,50;100,00;;;11.876.706,18;1.687,00;;173.303,00
PNCR11;45,20;1,560000;16,75;46,07;0,98;350.700,00;101,19;;;23.037.047,12;112,00;;500.000,00
PNDL11;1.200,00;3,410000;0,00;1.060,27;1,13;38.680.800,00;6,23;;;153.031.509,95;51,00;;144.332,00
PNLN11;0,00;;0,00;99,33;;;2,52;;;22.999.702,37;52,00;;231.547,00
PNPR11;48,00;1,230000;0,00;36,46;1,32;5.000.064,00;7,61;;;32.730.974,31;16,00;;897.816,00
PNRC11;61,00;0,630000;10,69;41,82;1,46;61,00;63,58;;;17.151.030,55;103,00;;410.100,00
PORD11;8,05;0,102000;14,05;9,58;0,84;652.700,05;24,57;-2,89;9,27;357.252.959,06;46.748,00;;37.283.750,00
PQAG11;55,00;0,480000;10,29;55,50;0,99;1.240.593,29;0,06;2,15;10,31;776.567.045,99;456,00;;13.991.890,00
PQDP11;2.315,00;17,601843;10,02;3.316,63;0,70;551.467,26;5,17;3,97;55,10;352.405.571,02;3.230,00;;106.254,00
PRSN11B;0,20;0,081427;40,71;2,62;0,08;0,00;45,90;;-52,45;8.454.733,38;926,00;;3.231.246,00
PRSV11;32,16;1,620000;0,00;127,26;0,25;2.065,47;0,36;28,92;-38,01;32.597.597,98;799,00;;256.159,00
PRTS11;17.396,42;0,054870;0,00;63,81;272,63;;3,50;;;118.155.565,38;8.102,00;;1.851.786,00
PRZS11;0,00;;0,00;61,06;;;0,03;;;91.131.012,92;19,00;;1.492.493,00
PSEC11;64,80;0,650000;12,81;74,23;0,87;2.480.679,11;5,43;-2,30;7,67;1.365.872.089,15;81.798,00;;18.399.378,00
PULV11;8,72;0,095000;10,84;10,05;0,87;61.949,00;3,60;;;120.562.664,39;972,00;;12.000.240,00
PVBI11;80,19;0,450000;7,23;107,78;0,74;3.873.772,32;1,34;-9,60;4,98;2.924.188.486,47;163.898,00;;27.130.067,00
QAMI11;84,68;1,000000;0,00;63,81;1,33;67.019,00;3,50;;1,10;118.155.565,38;8.102,00;;1.851.786,00
QIRI11;78,04;0,660000;0,00;63,81;1,22;;3,50;;;118.155.565,38;8.102,00;;1.851.786,00
QNTS11;0,00;1,720000;0,00;173,88;;;0,93;;;237.042.112,01;135,00;;1.363.236,00
QTZD11;0,00;;0,00;8,65;;;1,60;;;5.046.268,70;31,00;;583.340,00
RBBV11;100,00;0,224057;0,00;63,81;1,57;;3,50;75,40;;118.155.565,38;8.102,00;;1.851.786,00
RBCB11;19,00;0,300000;0,00;63,81;0,30;;3,50;-15,04;;118.155.565,38;8.102,00;;1.851.786,00
RBDS11;2,28;2,354143;0,00;18,93;0,12;304,00;16,10;18,99;-17,02;2.394.988,77;820,00;;126.523,00
RBED11;94,00;1,040000;1,11;0,00;;0,00;;15,30;2,54;0,00;10.734,00;Ativa;2.355.022,00
RBFF11;10,56;1,020000;62,78;64,79;0,16;357.828,53;5,33;3,10;-34,21;242.923.130,85;25.108,00;;3.749.215,00
RBFY11;74,90;0,240000;0,63;95,01;0,79;900,13;2,53;;;92.149.708,71;82,00;;969.847,00
RBGS11;28,45;0,176600;0,00;63,81;0,45;;3,50;4,91;;118.155.565,38;8.102,00;;1.851.786,00
RBHG11;66,15;0,800000;14,51;86,51;0,76;201.881,47;4,93;-8,67;4,89;187.558.208,40;7.873,00;;2.167.957,00
RBHY11;77,07;1,050000;16,28;91,75;0,84;144.159,37;4,84;-3,58;7,11;173.726.452,99;3.381,00;;1.893.505,00
RBIR11;92,47;0,817734;14,26;90,59;1,02;206.234,11;2,55;;26,31;138.477.080,77;1.575,00;;1.528.615,00
RBLG11;60,00;0,130000;5,48;65,68;0,91;527,75;7,91;-12,83;9,85;42.050.532,19;241,00;;640.199,00
RBOP11;217,82;0,500000;6,89;741,25;0,29;10.600,74;9,54;-30,61;-20,77;75.358.141,84;2.721,00;;101.664,00
RBRD11;41,08;0,660000;15,43;64,90;0,63;110.245,05;4,58;16,99;18,19;120.185.553,29;7.479,00;;1.851.786,00
RBRF11;6,53;0,120000;9,20;8,57;0,76;2.739.709,00;14,59;6,82;9,23;1.172.603.582,62;111.834,00;;136.807.700,00
RBRI11;509,00;13,000000;40,08;487,31;1,04;841.388,13;1,72;;;68.060.009,44;130,00;;139.665,00
RBRK11;107,00;;0,00;97,64;1,10;783.617,00;2,92;;;162.574.561,11;18,00;;1.665.092,00
RBRL11;92,25;0,750000;9,73;105,24;0,88;2.289.495,63;5,31;3,93;16,35;703.711.958,83;13.514,00;;6.687.035,00
RBRM11;94.794,81;2.002,089652;0,00;5.301,98;17,88;;100,00;;;2.860.101,93;54,00;Ativa;539,00
RBRP11;54,16;0,400000;8,90;76,95;0,70;934.545,84;1,15;14,27;13,93;937.202.400,27;58.543,00;;12.179.186,00
RBRR11;87,01;0,800000;12,18;93,54;0,93;4.603.037,21;2,94;3,07;11,35;1.524.801.032,52;131.373,00;;16.300.275,00
RBRS11;34,80;0,170000;7,16;96,12;0,36;45.434,35;3,97;-22,41;-13,02;73.481.900,68;911,00;;764.452,00
RBRU11;0,00;;0,00;63,81;;;3,50;;;118.155.565,38;8.102,00;;1.851.786,00
RBRX11;8,30;0,090000;11,64;9,77;0,85;3.281.250,32;9,97;-8,22;10,03;1.430.587.513,16;117.920,00;;146.354.302,00
RBRY11;97,40;1,250000;14,30;99,54;0,98;5.133.566,84;1,90;-0,06;15,78;1.271.058.737,52;67.221,00;;12.769.512,00
RBTS11;392,64;7,341884;3,45;337,14;1,16;389,67;13,29;;;19.057.080,69;127,00;;56.525,00
RBVA11;9,93;0,090000;10,88;10,54;0,94;2.421.358,47;0,82;-2,77;13,07;1.646.268.534,38;88.817,00;;156.143.050,00
RBVO11;5,32;0,010000;0,00;0,00;;0,00;;71,05;-18,37;0,00;0,00;Ativa;0,00
RCFA11;0,92;;0,00;18,47;0,05;51,83;0,00;;-32,49;10.785.020,96;279,00;;583.926,00
RCFF11;95,00;0,424400;4,18;98,59;0,96;127,50;3,23;;13,10;31.863.620,14;129,00;;323.200,00
RCKF11;0,00;;0,00;63,81;;;3,50;;;118.155.565,38;8.102,00;;1.851.786,00
RCRB11;142,08;0,950000;7,01;199,33;0,71;865.658,16;0,23;2,42;13,44;735.657.153,20;24.381,00;;3.690.695,00
RCRI11B;1.200,00;12,481836;0,00;63,81;18,81;;3,50;;;118.155.565,38;8.102,00;;1.851.786,00
RDCI11;0,00;1,440000;0,00;82,49;;;0,71;;;240.626.578,43;118,00;;2.916.965,00
RDIV11;100,00;;0,00;85,32;1,17;7.735.786,00;0,70;;;223.859.834,86;141,00;;2.623.752,00
RDLI11;89,28;18,189444;20,37;92,90;0,96;22.666,83;1,76;;;178.753.210,71;238,00;;1.924.193,00
RDLS11;0,00;;0,00;1.258,64;;;10,21;;;258.022.178,63;31,00;;205.000,00
RECD11;8,37;0,079500;14,23;8,23;1,02;1.832,74;16,26;;;44.880.232,54;332,00;;5.453.775,00
RECH11;0,00;;0,00;63,81;;;3,50;;;118.155.565,38;8.102,00;;1.851.786,00
RECM11;8,61;0,110000;15,91;9,68;0,89;7.280,95;1,20;;;81.338.507,88;818,00;;8.400.517,00
RECR11;82,73;0,810000;13,85;89,54;0,92;2.966.914,84;1,13;2,41;12,50;2.367.515.888,13;172.205,00;;26.441.650,00
RECT11;38,55;0,450000;11,98;90,91;0,42;544.633,26;1,15;-4,83;1,30;776.692.370,27;50.244,00;;8.543.493,00
RECX11;67,99;0,600000;0,00;72,48;0,94;0,00;17,45;-12,46;0,65;15.823.826,78;577,00;Ativa;218.313,00
REIT11;110,49;7,270000;9,21;307,61;0,36;778,00;4,80;-41,73;;8.087.454,61;61,00;;26.291,00
RELG11;65,26;0,800000;13,71;85,50;0,76;74.149,32;2,43;-1,54;1,86;114.100.948,74;4.079,00;;1.334.562,00
RENV11;6,78;0,080000;6,14;14,35;0,47;7.837,16;2,27;;;14.735.750,11;536,00;;1.026.794,00
RFOF11;63,84;0,650000;12,22;72,61;0,88;173.508,00;7,94;-3,28;8,88;55.705.327,68;3.284,00;;767.207,00
RINV11;108,35;1,350000;11,91;101,98;1,06;572.698,37;8,68;-4,37;;400.483.944,29;4.104,00;;3.927.060,00
RJDA11;100,00;;0,00;;;1.425,25;;;;;;;0,00
RMAI11;39,99;0,270000;15,75;110,49;0,36;35.500,50;0,66;18,25;-0,67;560.577.455,58;1.095,00;;5.073.615,00
RNDP11;40,50;0,690000;3,41;0,00;;14.794,00;;-33,42;17,59;0,00;0,00;Ativa;0,00
RNGO11;51,71;0,290000;7,81;83,37;0,62;56.692,11;1,18;-5,58;13,13;223.098.087,31;7.020,00;;2.676.000,00
ROOF11;350,00;41,715400;0,00;320,82;1,09;350,00;8,36;;-9,47;24.862.154,32;80,00;;77.495,00
RPRI11;86,64;1,235000;14,58;100,14;0,87;370.133,53;2,85;-0,69;11,47;347.667.987,41;4.336,00;;3.471.728,00
RRCI11;80,25;2,343588;12,45;81,08;0,99;1.117.810,71;18,67;0,41;10,54;39.060.322,21;1.411,00;;481.757,00
RSPD11;850,00;3,019911;15,93;886,53;0,96;123.025,82;9,28;;;132.102.689,40;146,00;;149.011,00
RTEL11;0,00;;0,00;70,64;;;21,11;;;24.527.706,19;571,00;;347.200,00
RZAK11;83,52;1,100000;15,09;87,34;0,96;1.646.344,11;4,33;-0,70;10,61;769.306.839,72;45.037,00;;8.807.885,00
RZAT11;89,02;0,850000;12,58;101,04;0,88;735.154,58;4,31;1,14;1,11;427.918.916,81;34.755,00;;4.235.042,00
RZDM11;550,16;2,900000;0,00;63,81;8,62;;3,50;;;118.155.565,38;8.102,00;;1.851.786,00
RZLC11;1.006,07;13,099221;14,40;999,21;1,01;712.997,16;0,48;;;49.960.483,91;110,00;;50.000,00
RZTR11;97,09;1,000000;12,67;94,62;1,03;3.280.486,11;5,15;1,39;13,87;1.783.796.877,14;147.152,00;;18.851.720,00
RZZI11;1.000,00;7,183000;1,16;1.011,47;0,99;2.000.000,00;2,10;;;112.820.796,58;116,00;;111.541,00
RZZR11;138,94;1,225000;10,30;176,00;0,79;45.338,81;1,08;2,30;-0,44;979.129.439,71;524,00;;5.563.126,00
RZZV11;1.050,00;7,220000;6,79;1.218,99;0,86;105.000,00;2,36;;;187.056.736,63;131,00;;153.452,00
SACL11;0,00;;0,00;63,81;;;3,50;;;118.155.565,38;8.102,00;;1.851.786,00
SADI11;8,62;0,114000;12,24;8,73;0,99;17.163,00;7,98;0,14;11,37;135.150.517,24;10.994,00;;15.486.840,00
SAIC11B;0,00;0,662215;0,00;50,87;;;0,29;;;72.731.426,79;45,00;;1.429.740,00
SALI11;0,00;0,900000;0,00;94,27;;;6,49;;;7.500.717,20;2,00;;79.565,00
SAPI11;8,92;0,207300;15,99;9,98;0,89;260.422,79;21,98;;;295.177.840,77;13.028,00;;29.563.321,00
SARE11;4,80;0,026000;3,19;5,03;0,95;348.855,00;4,63;-28,39;-1,55;464.915.874,22;26.586,00;;92.343.290,00
SBCL11;0,00;;0,00;0,00;;;;;;0,00;0,00;Ativa;0,00
SCPF11;2,79;0,018000;0,65;9,87;0,28;1.862,58;0,91;0,89;-17,89;41.456.151,33;4.285,00;;4.200.000,00
SEED11;98,34;0,780000;11,38;90,33;1,09;200,00;0,59;0,06;10,72;148.139.776,09;131,00;;1.640.000,00
SEQR11;52,70;0,582300;13,26;93,93;0,56;54.766,16;2,28;-6,18;8,34;156.459.469,47;4.542,00;;1.665.695,00
SFND11;83,07;0,100000;0,00;63,81;1,30;;3,50;115,88;;118.155.565,38;8.102,00;;1.851.786,00
SFRO11;0,00;;0,00;63,81;;;3,50;;;118.155.565,38;8.102,00;;1.851.786,00
SHDP11B;0,00;103,930000;0,00;1.411,60;;;0,95;28,19;;1.679.416.608,07;2,00;;1.189.725,00
SHOP11;55,00;;0,00;31,50;1,75;219,33;0,71;;-8,34;77.442.255,55;92,00;;2.458.396,00
SHPH11;935,00;3,500000;8,75;1.012,61;0,92;84.458,68;1,09;16,12;16,49;616.627.695,65;2.088,00;;608.950,00
SHPP11;10,00;0,071000;5,68;10,32;0,97;1.104,14;13,28;;;451.119.146,07;129,00;;43.700.000,00
SHSO11;0,00;0,420000;0,00;63,81;;;3,50;;;118.155.565,38;8.102,00;;1.851.786,00
SIGR11;99,90;1,295000;0,00;9,39;10,64;100,00;0,65;;;188.174.497,02;9.759,00;;20.050.230,00
SJAU11;0,96;11,880000;0,00;1,43;0,67;20.168,95;26,68;;-51,12;11.309.911,20;483,00;;7.932.248,00
SLDZ11;0,00;;0,00;-85,58;;;;;;-430.039,32;2,00;Ativa;5.025,00
SMRE11;63,50;1,058541;21,20;102,75;0,62;492.668,58;1,59;;;108.107.891,66;1.220,00;;1.052.098,00
SNCI11;85,75;1,000000;13,99;97,69;0,88;1.082.912,26;-0,01;-0,95;7,74;410.290.695,89;36.215,00;;4.200.000,00
SNEL11;8,69;0,100000;13,81;8,28;1,05;1.490.340,84;0,34;;;436.417.262,24;59.587,00;;52.680.960,00
SNFF11;77,98;0,800000;12,64;84,83;0,92;644.572,42;4,66;5,28;7,52;341.055.025,93;26.603,00;;4.020.635,00
SNLG11;1,43;0,840000;58,74;0,55;2,60;54.656,26;135,13;;50,44;1.402.383,03;8.983,00;;2.529.966,00
SNME11;9,73;0,150000;15,21;9,49;1,03;270.939,79;9,79;;;70.432.513,28;4.839,00;;7.418.243,00
SOFF11;112,00;1,000000;0,89;102,72;1,09;10.422,80;0,00;;;188.481.767,60;304,00;;1.834.908,00
SOLR11;1.051,35;4,770765;0,00;919,68;1,14;0,00;0,52;;;60.270.034,50;1,00;;65.533,00
SPAF11;0,00;10,387151;0,00;980,20;;;2,88;24,68;;11.046.855,37;1,00;;11.270,00
SPDE11;1.266,67;10,410000;10,08;1.726,41;0,73;0,00;1,47;;;157.794.140,34;120,00;;91.400,00
SPGM11;12,89;;0,00;16,69;0,77;13.717.333,33;0,06;;;71.760.430,02;118,00;;4.300.776,00
SPMO11;122,00;0,430000;0,00;128,92;0,95;61.610,00;0,01;;;233.854.250,97;14,00;;1.814.007,00
SPTW11;40,00;0,600000;13,20;58,75;0,68;115.332,00;6,89;-0,93;12,93;105.640.161,86;17.984,00;;1.798.000,00
SPVJ11;0,00;0,175000;0,00;23,61;;;27,07;-40,38;;149.017.222,61;24,00;;6.312.090,00
SPXC11;0,00;;0,00;63,81;;;3,50;;;118.155.565,38;8.102,00;;1.851.786,00
SPXG11;0,00;;0,00;9,02;;;1,94;;;2.855.302,30;36,00;;316.496,00
SPXL11;0,00;;0,00;9,04;;;5,57;;;29.825.762,09;28,00;;3.298.014,00
SPXS11;8,84;0,104000;13,91;9,55;0,93;846.775,42;15,10;-0,64;17,21;192.829.782,51;19.950,00;;20.189.040,00
SRVD11;3,00;0,200000;0,00;0,17;17,65;0,00;0,00;;-26,29;15.929.756,61;106,00;;96.286.020,00
STRX11;140,16;0,970000;7,82;153,06;0,92;0,00;1,12;6,71;;246.978.959,17;111,00;;1.613.559,00
SURE11;0,00;0,600000;0,00;10,30;;;41,42;;;110.514.431,91;2,00;;10.728.379,00
TBOF11;15,56;0,822740;0,00;63,81;0,24;;3,50;74,62;;118.155.565,38;8.102,00;;1.851.786,00
TCIN11;145,92;;0,00;64,56;2,26;1.271.109,00;0,00;;;55.044.830,15;110,00;;852.585,00
TCPF11;39,53;1,310000;0,00;99,58;0,40;0,00;3,31;;;29.607.365,15;48,00;;297.327,00
TELD11;0,00;;0,00;24,21;;;16,91;;;11.371.284,31;2,00;;469.760,00
TELF11;0,00;;0,00;63,81;;;3,50;;;118.155.565,38;8.102,00;;1.851.786,00
TELM11;9,60;0,256000;17,04;9,82;0,98;13.000,05;11,59;;;21.094.351,22;119,00;;2.147.362,00
TEPP11;8,72;0,075000;11,84;98,00;0,09;3.167.044,37;1,21;12,24;19,73;413.749.533,66;27.248,00;;4.221.967,00
TFOF11;138,00;2,370000;0,00;63,81;2,16;;3,50;29,98;;118.155.565,38;8.102,00;;1.851.786,00
TGAR11;92,00;1,000000;13,04;107,50;0,86;5.397.770,37;0,36;-10,05;4,73;2.533.636.267,24;150.846,00;;23.567.968,00
THRA11;138,50;0,130000;0,00;63,81;2,17;;3,50;90,73;;118.155.565,38;8.102,00;;1.851.786,00
TJKB11;255,00;2,900000;14,08;259,59;0,98;605.831,42;2,33;6,50;;302.330.306,20;448,00;;1.164.647,00
TMPS11;84,50;0,880000;11,75;96,91;0,87;268.507,47;2,91;;;94.876.290,29;1.900,00;;978.968,00
TOPP11;73,74;0,840000;13,67;106,04;0,70;579.050,11;1,03;;;480.167.674,67;4.631,00;;4.528.240,00
TORD11;1,90;0,007000;7,37;35,39;0,05;16.069,21;1,25;-46,86;-63,61;206.774.405,29;47.292,00;;5.841.982,00
TORM13;142,00;10,562960;0,00;63,81;2,23;;3,50;;;118.155.565,38;8.102,00;;1.851.786,00
TOUR11;8,80;0,242328;0,00;63,81;0,14;;3,50;;;118.155.565,38;8.102,00;;1.851.786,00
TRBL11;67,85;0,530000;10,42;82,82;0,82;1.528.134,53;1,84;-8,83;0,26;640.957.237,62;46.256,00;;7.739.092,00
TRNT11;94,00;0,070000;0,00;179,93;0,52;40.588,06;2,53;-14,19;-7,69;708.108.837,77;520,00;;3.935.562,00
TRPL11;1,05;;0,00;;;96.468,33;;;;;;;0,00
TRXB11;180,00;4,050000;14,25;94,81;1,90;30.274,32;2,18;24,07;30,66;355.177.167,64;547,00;;3.746.020,00
TRXF11;96,49;1,000000;12,24;101,67;0,95;24.805.072,47;6,02;1,33;8,83;3.303.709.457,83;208.650,00;;32.493.284,00
TRXY11;9,50;0,130000;14,21;9,32;1,02;30.479,89;3,28;;;148.798.854,49;921,00;;15.970.289,00
TSER11;97,00;1,040000;13,11;97,07;1,00;194,00;5,81;1,25;9,51;144.200.147,82;19,00;;1.485.504,00
TSNC11;81,06;7,361195;0,00;79,20;1,02;81,00;6,53;-38,46;;86.068.867,75;104,00;;1.086.780,00
TSNM11;0,00;;0,00;63,81;;;3,50;;;118.155.565,38;8.102,00;;1.851.786,00
TVRI11;99,97;1,050000;12,48;104,24;0,96;789.513,89;2,37;4,84;16,85;1.659.539.750,23;59.316,00;;15.919.690,00
URHF11;71,99;1,070000;20,38;95,74;0,75;16.404,79;17,78;;;10.570.833,93;281,00;;110.417,00
URPR11;38,37;0,350000;16,34;99,41;0,39;1.089.374,42;0,90;-24,76;-16,21;1.166.423.645,25;0,00;;11.733.895,00
VCHG11;0,00;;0,00;63,81;;;3,50;;;118.155.565,38;8.102,00;;1.851.786,00
VCJR11;79,35;0,770000;14,74;94,12;0,84;1.881.191,37;4,51;1,99;8,79;1.385.751.292,02;27.085,00;;14.723.970,00
VCRI11;7,44;0,095000;14,78;9,44;0,79;138.369,05;4,45;-1,90;7,61;193.836.004,00;13.533,00;;20.543.663,00
VCRR11;67,50;0,500000;8,89;125,95;0,54;454.175,68;3,18;-10,54;8,94;251.900.541,50;3.174,00;;2.000.000,00
VCTH11;0,00;;0,00;96,21;;;5,81;;;68.881.409,79;62,00;;715.952,00
VDSV11;0,00;;0,00;759,85;;;1,44;;;28.978.542,24;84,00;;38.137,00
VERE11;123.378,28;5,750000;0,03;497,15;248,17;2.308.614.170,15;1,10;17,92;;317.757.550,94;112,00;;639.156,00
VGHF11;7,19;0,070000;14,19;8,58;0,84;2.675.276,47;3,51;-7,77;5,01;1.414.086.259,53;389.831,00;;164.721.683,00
VGII11;72,84;0,400000;2,86;101,77;0,72;434,50;30,14;;;52.804.504,85;7,00;;518.865,00
VGIP11;79,66;0,710000;14,34;90,49;0,88;2.077.035,21;2,56;2,48;10,26;1.066.675.477,88;84.451,00;;11.787.247,00
VGIR11;9,76;0,130000;15,27;9,79;1,00;4.604.077,05;3,97;0,91;15,41;1.430.805.115,16;255.796,00;;146.101.287,00
VGRI11;8,45;0,120000;17,75;10,70;0,79;605.034,32;3,03;;;374.594.160,72;21.930,00;;35.021.736,00
VIDS11;915,64;16,058793;11,90;791,17;1,16;0,00;8,64;;;74.846.591,83;199,00;;94.603,00
VIFI11;6,96;0,070000;2,01;7,97;0,87;0,00;6,91;5,09;8,10;64.507.809,24;5.521,00;Ativa;8.089.190,00
VILG11;101,71;0,740000;8,25;112,81;0,90;3.503.827,47;2,21;1,64;10,66;1.691.818.559,93;143.008,00;;14.997.396,00
VINO11;5,36;0,050000;11,85;10,06;0,53;734.565,63;3,90;-4,54;-7,85;832.856.322,92;137.001,00;;82.826.295,00
VISC11;109,00;0,810000;8,87;123,32;0,88;8.240.019,26;5,61;-3,08;10,22;3.555.140.708,99;336.346,00;;28.828.640,00
VIUR11;5,99;0,089000;13,79;8,08;0,74;601.786,95;12,98;-1,49;4,23;217.777.994,35;40.863,00;;26.946.220,00
VJFD11;148,01;2,100000;7,31;164,12;0,90;1.138,67;0,88;3,25;;800.258.585,36;96,00;;4.876.129,00
VLIQ11;0,00;;0,00;63,81;;;3,50;;;118.155.565,38;8.102,00;;1.851.786,00
VLJS11;1.141,14;28,819221;0,00;654,76;1,74;;0,03;;;17.068.751,32;9,00;;26.068,00
VLOL11;88,00;1,856441;0,00;63,81;1,38;0,00;3,50;14,56;-4,10;118.155.565,38;8.102,00;;1.851.786,00
VOTS11;80,99;1,220000;10,15;93,22;0,87;2.191,50;12,90;-10,30;11,10;77.181.978,29;546,00;;827.913,00
VPPR11;16,70;0,070000;0,00;38,35;0,44;104.785,32;0,75;-42,64;-18,37;280.575.014,89;34.046,00;;7.316.171,00
VPSI11;22,38;0,289607;13,46;30,72;0,73;22,00;1,01;5,78;;248.004.150,15;125,00;;8.071.897,00
VRTA11;80,10;0,850000;12,73;84,24;0,95;1.396.581,47;2,29;0,76;8,51;1.313.509.713,22;107.725,00;;15.592.424,00
VRTM11;7,30;0,090000;14,79;9,28;0,79;335.689,84;3,57;;;435.996.756,38;11.929,00;;46.971.245,00
VSEC11;0,21;0,080000;0,00;63,81;0,00;;3,50;-0,62;;118.155.565,38;8.102,00;;1.851.786,00
VSHO11;75,97;0,950000;10,75;115,15;0,66;24.770,95;1,31;-1,35;16,97;241.685.995,75;2.947,00;;2.098.800,00
VSLH11;2,18;0,030000;16,83;10,08;0,22;143.114,42;3,67;-9,79;-28,24;300.904.301,75;64.500,00;;29.864.091,00
VTBL11;0,00;1,544600;0,00;84,50;;;0,00;;;19.140.439,54;1,00;;226.505,00
VTLT11;88,98;1,262349;15,22;90,55;0,98;12.462.404,00;1,31;5,80;10,39;191.517.274,18;5.533,00;;2.115.000,00
VTPA11;0,00;;0,00;99,64;;;0,18;;;65.760.905,21;1,00;;659.957,00
VTPL11;64,25;0,751604;4,67;99,46;0,65;66,00;0,70;;;137.868.954,63;125,00;;1.386.242,00
VTRT11;0,00;0,107508;0,00;63,81;;;3,50;;;118.155.565,38;8.102,00;;1.851.786,00
VTVI11;0,00;;0,00;22,00;;;2,34;;;39.189.108,24;1,00;;1.780.984,00
VTXI11;0,00;;0,00;2,64;;;6,74;;;273.238,99;2,00;;103.500,00
VVCO11;14,99;0,323281;0,00;15,01;1,00;351.689,58;1,57;;17,37;148.569.560,56;2.506,00;;9.900.000,00
VVCR11;9,43;0,100000;13,15;10,18;0,93;10.164,84;1,80;-29,33;6,08;76.463.341,02;2.113,00;;7.508.332,00
VVMR11;84,10;0,200000;1,97;88,88;0,95;29.832,69;0,25;-26,18;5,26;250.919.934,15;549,00;;2.823.180,00
VVPR11;101,50;0,892340;0,00;63,81;1,59;;3,50;;;118.155.565,38;8.102,00;;1.851.786,00
VVRI11;89,99;0,750000;7,77;91,56;0,98;856,67;0,88;;;73.495.045,14;151,00;;802.683,00
VXXV11;722,00;93,020000;0,00;646,21;1,12;1.716.080,14;0,14;;4,40;308.808.940,19;3,00;;477.875,00
WHGR11;9,64;0,100000;12,81;9,84;0,98;188.927,53;2,02;-2,38;18,45;304.099.113,98;15.430,00;;30.912.378,00
WPLZ11;49,02;0,370000;10,36;54,66;0,90;10.457,22;1,73;-0,71;-6,50;63.950.636,92;1.546,00;;1.170.000,00
WSEC11;1,41;0,020354;62,00;1,47;0,96;1.533,00;103,39;-2,33;26,90;3.603.090,71;918,00;;2.456.510,00
WTSP11;48,41;0,970000;7,50;94,38;0,51;45.705,43;1,37;-1,33;7,56;116.898.051,49;248,00;;1.238.572,00
XBXO11;0,00;;0,00;8,51;;;0,02;;;25.897.183,09;5,00;;3.042.600,00
XPCI11;83,89;0,880000;12,97;89,26;0,94;2.051.060,53;1,19;-0,30;13,29;776.689.505,09;72.815,00;;8.701.551,00
XPCM11;8,17;0,020000;0,00;28,81;0,28;15.667,42;1,50;-34,84;-20,35;69.557.854,04;2,00;;2.414.570,00
XPIN11;82,06;0,850000;11,27;101,90;0,81;419.484,00;3,02;5,94;15,23;728.601.297,73;41.249,00;;7.150.422,00
XPLG11;103,30;0,820000;9,53;105,91;0,98;4.928.025,58;1,84;2,34;13,07;3.301.899.335,48;334.823,00;;31.175.931,00
XPML11;110,01;0,920000;10,04;108,16;1,02;14.165.369,32;1,61;3,39;14,38;6.333.860.101,76;633.076,00;;58.559.855,00
XPRE11;0,00;;0,00;;;;;;;;;;0,00
XPSF11;6,74;0,070000;11,28;8,11;0,83;2.365.441,95;4,67;-5,79;8,89;351.310.340,29;55.688,00;;43.302.140,00
YEES11;102,00;;0,00;88,59;1,15;102,00;10,91;;;21.258.300,06;132,00;;239.955,00
YUFI11;15,00;0,171599;4,61;45,55;0,33;15,00;3,87;;;22.442.663,70;57,00;;492.650,00
ZAGH11;10,00;0,020000;7,27;9,02;1,11;6.138,47;0,17;;;80.195.975,33;461,00;;8.891.662,00
ZAVC11;9,11;0,130000;17,12;10,12;0,90;26.532,68;21,28;;;36.250.896,42;533,00;;3.582.421,00
ZAVI11;9,97;0,110000;13,32;135,14;0,07;50.141,32;3,85;-0,62;3,15;158.565.556,87;2.338,00;;1.173.322,00
ZIFI11;909,00;3,304958;0,00;1.759,24;0,52;1.029,60;0,00;;;83.537.343,23;87,00;;47.485,00
